{"cameraMode":{"drawMode":0,"name":"Shaded","section":"Shading Mode"},"sceneLighting":true,"audioPlay":false,"sceneViewState":{"showFog":false,"showMaterialUpdate":false,"showSkybox":false,"showFlares":false,"showImageEffects":false,"showParticleSystems":false},"in2DMode":false,"pivot":{"x":-117.77919006347656,"y":833.9660034179688,"z":-208.60647583007813},"rotation":{"x":0.30247482657432558,"y":0.6074130535125732,"z":-0.26821592450141909,"w":0.6840463876724243},"size":265.5179748535156,"orthographic":false}